scene,content_type,tmo,jod,jod_low,jod_high
all,all,1000_1000000_Fixed,1.79282697761789,1.53643695328117,2.10924940929441
all,all,1000_1600_Fixed,1.20707408889128,0.977454145171302,1.455272520271
all,all,1000_1600_ContentAware,1.30263311481545,1.01097630506635,1.61344587775873
all,all,1000_320_Fixed,0.0799782979604784,-0.148791603198203,0.323136602509525
all,all,1000_320_ContentAware,0.326848440511764,0.0842453541306761,0.60811104452626
all,all,1000_40000_Fixed,2.06000847297079,1.75066418903213,2.41274865892342
all,all,1000_40000_ContentAware,1.82839280132397,1.5875099392655,2.11334053476507
all,all,1000_64_Fixed,-1.288100048384189,-1.60143629345825,-1.00426434963438
all,all,1000_64_ContentAware,-1.28551794602539,-1.62749063246117,-0.987253600351548
all,all,1000_8000_Fixed,2.05820867311034,1.72791876888871,2.41749306763425
all,all,1000_8000_ContentAware,1.69755367299947,1.42734402803118,2.04303406861667
all,all,125_1600_Fixed,-0.536916565015294,-0.745246617283111,-0.341605395480439
all,all,125_1600_ContentAware,-0.129823075802246,-0.366305094384427,0.111727319015601
all,all,125_320_Fixed,-1.04425858072415,-1.29232624191191,-0.833871987028151
all,all,125_320_ContentAware,-0.414002136631152,-0.616504066893577,-0.199702776832374
all,all,125_40000_Fixed,-0.36719123884104,-0.603102393525575,-0.118740365929517
all,all,125_40000_ContentAware,0.0989280162037245,-0.132295602193437,0.331336275052254
all,all,125_64_Fixed,-1.4688611979571,-1.6964655274416,-1.27388282040668
all,all,125_64_ContentAware,-1.40253126251503,-1.66663223935114,-1.17546120905804
all,all,125_8000_Fixed,-0.371535409923789,-0.618336385860756,-0.131649955467119
all,all,125_8000_ContentAware,-0.2647100039520789,-0.525731210889601,-0.014527089644697
all,all,250_1600_Fixed,0.421525119963496,0.21644460234543,0.649396511731806
all,all,250_1600_ContentAware,0.607086661169935,0.337539763276457,0.867874318049022
all,all,250_320_Fixed,0.0694340966428342,-0.164820979790503,0.332368677374799
all,all,250_320_ContentAware,0.0314378393625575,-0.182453810411661,0.255512484755633
all,all,250_40000_Fixed,0.357757198368871,0.105424635137185,0.625941175457177
all,all,250_40000_ContentAware,0.858379922344137,0.615142223455911,1.11408550673435
all,all,250_64_Fixed,-0.1000373982679193,-1.19116914673924,-0.793868756581321
all,all,250_64_ContentAware,-1.13333909521259,-1.39727083871557,-0.909790607784205
all,all,250_8000_Fixed,0.65856601188313,0.43232248948296,0.904903375864751
all,all,250_8000_ContentAware,0.714616870884765,0.441707302262579,0.998963022508407
all,all,500_1600_Fixed,1.42257661167123,1.16579007067213,1.71073090971225
all,all,500_1600_ContentAware,1.19725867608301,1.00514797966909,1.44367824867874
all,all,500_320_Fixed,0.350872366190511,0.125120444470196,0.565077206258456
all,all,500_320_ContentAware,0.481924976853231,0.283102874979447,0.696578576108958
all,all,500_40000_Fixed,1.74528588629559,1.55917427543311,1.95283278667626
all,all,500_40000_ContentAware,1.37609630198538,1.1487865561367,1.62788580921682
all,all,500_64_Fixed,-0.806524548301383,-1.07766840953291,-0.520700292662378
all,all,500_64_ContentAware,-0.794463282461987,-1.03649367655305,-0.580945662534824
all,all,500_8000_Fixed,1.65464774245777,1.3926407763931,1.96986996936307
all,all,500_8000_ContentAware,1.52498328835619,1.29004226481096,1.79861818603073
all,all,63_1600_Fixed,-1.43919544539021,-1.71859017755386,-1.20422802657032
all,all,63_1600_ContentAware,-0.881951449343203,-1.14468087766643,-0.628977411348213
all,all,63_320_Fixed,-1.60557452372403,-1.85893321438483,-1.35987001623908
all,all,63_320_ContentAware,-1.06346823057617,-1.32707543141662,-0.806310131941009
all,all,63_40000_Fixed,-1.42141129831502,-1.71381053197556,-1.16831804796269
all,all,63_40000_ContentAware,-1.05118248638994,-1.36916035914743,-0.748015906329045
all,all,63_64_Fixed,-2.13350764707501,-2.42682600658003,-1.87161953335025
all,all,63_64_ContentAware,-1.94646913403794,-2.22294263768572,-1.70281464324838
all,all,63_8000_Fixed,-1.18352961811041,-1.53887043706407,-0.861451983499797
all,all,63_8000_ContentAware,-0.909495448502827,-1.14635493021696,-0.688236785490936
Street,UGC,1000_1000000_Fixed,1.90251175901355,0.889699064681809,3.49641760948932
Street,UGC,1000_1600_Fixed,1.25322032231398,-0.000472397068138865,2.72516873216096
Street,UGC,1000_1600_ContentAware,1.18552135031371,0.392571252131761,2.35523467089885
Street,UGC,1000_320_Fixed,-0.868663533396809,-1.52911949208052,-0.257902003082239
Street,UGC,1000_320_ContentAware,-0.759637046034742,-1.71477726847831,0.189553770947709
Street,UGC,1000_40000_Fixed,3.61174254791492,1.99878425918905,7.1659829412366
Street,UGC,1000_40000_ContentAware,3.32481790504065,1.61506202191183,5.22350304199772
Street,UGC,1000_64_Fixed,-3.01420085820041,-4.85784178112664,-1.20824859911166
Street,UGC,1000_64_ContentAware,-1.72509956126242,-3.25690963105274,-0.827706176858445
Street,UGC,1000_8000_Fixed,2.25588392920985,1.06735992155077,3.69907608493203
Street,UGC,1000_8000_ContentAware,1.90374072610024,1.10170922847707,3.3166488065843
Street,UGC,125_1600_Fixed,0.761585755790821,0.113255809754125,1.72543240233055
Street,UGC,125_1600_ContentAware,-0.308670508703869,-1.16382777633731,0.395795484399245
Street,UGC,125_320_Fixed,-1.54945609040748,-2.55865797767714,-0.61263867156874
Street,UGC,125_320_ContentAware,-0.102180891833349,-0.976672400386341,1.15139376326015
Street,UGC,125_40000_Fixed,0.471430502866276,-0.205383032959397,1.42664093089456
Street,UGC,125_40000_ContentAware,0.279038076740295,-0.438729681578572,1.12941997382215
Street,UGC,125_64_Fixed,-1.6819491903018,-3.68867446825163,-0.833801222374819
Street,UGC,125_64_ContentAware,-1.56998604392518,-2.41603818673603,-0.82084024299365
Street,UGC,125_8000_Fixed,-0.75252022393567,-1.53758822512176,0.313856933619016
Street,UGC,125_8000_ContentAware,-0.568715781755708,-1.15760212589042,-0.11456617083929
Street,UGC,250_1600_Fixed,0.936627961931341,0.00629132675671108,2.257779538112
Street,UGC,250_1600_ContentAware,1.1014914614822,0.343186753121127,1.82321357437652
Street,UGC,250_320_Fixed,0.332402281076726,-0.5955280100043068,1.2694964507076
Street,UGC,250_320_ContentAware,-0.406694073494573,-1.30799914791449,0.463610537379978
Street,UGC,250_40000_Fixed,0.951055479862906,0.136605797773148,1.89152952125768
Street,UGC,250_40000_ContentAware,1.31545168792566,0.376681681758868,2.74344226348366
Street,UGC,250_64_Fixed,-1.48054507108772,-2.11308417618831,-0.972146195270555
Street,UGC,250_64_ContentAware,-1.63823451731953,-2.85589909592978,-0.709537852316611
Street,UGC,250_8000_Fixed,1.55047680896481,0.767762428432861,2.38851852306605
Street,UGC,250_8000_ContentAware,0.892841271533331,0.0897648020541184,2.45996925639766
Street,UGC,500_1600_Fixed,1.91407784573461,1.10689503197117,2.75630585796152
Street,UGC,500_1600_ContentAware,0.69350085671388,-0.012656263199895,1.8985653377102
Street,UGC,500_320_Fixed,0.305897897406139,-0.601069537325025,1.0304033369816
Street,UGC,500_320_ContentAware,0.183142427624044,-0.69796061667798,1.11426496488715
Street,UGC,500_40000_Fixed,2.70565442035421,1.54821839496761,5.09845805942238
Street,UGC,500_40000_ContentAware,1.28789795212385,0.412623458509211,2.39829895744172
Street,UGC,500_64_Fixed,-1.60563166153253,-3.7822172321347,-0.557569450447295
Street,UGC,500_64_ContentAware,-1.56939413354016,-3.67250571874998,-0.58775765454605
Street,UGC,500_8000_Fixed,2.69212309382191,1.37791461940977,6.39799095321014
Street,UGC,500_8000_ContentAware,0.781934451021933,0.108113279398705,3.52910896506756
Street,UGC,63_1600_Fixed,-1.94327518139905,-3.22333624550819,-1.1500596130994
Street,UGC,63_1600_ContentAware,-2.15493176050647,-3.5151406494149,-1.27556953324124
Street,UGC,63_320_Fixed,-0.441232594612894,-1.14245081064791,0.313913070197755
Street,UGC,63_320_ContentAware,-0.957604423634727,-2.34017702332889,-0.187645403478335
Street,UGC,63_40000_Fixed,-0.822285860507881,-1.75173675099107,-0.0714416342400747
Street,UGC,63_40000_ContentAware,-0.849183002668134,-1.90920596840157,-0.211484464542299
Street,UGC,63_64_Fixed,-3.11605828673373,-5.42520603237963,-1.96036936574177
Street,UGC,63_64_ContentAware,-2.30620700458801,-3.07963580193788,-1.70250527522255
Street,UGC,63_8000_Fixed,-1.5275334123915,-2.8308123800413,-0.64967327568185
Street,UGC,63_8000_ContentAware,-0.874178059107484,-1.99519227496,-0.114442973281762
Showgirl,entertainment,1000_1000000_Fixed,3.9989327967116,2.1349767853407,8.02470415838847
Showgirl,entertainment,1000_1600_Fixed,3.41291912355777,1.93345886440707,5.71251143627553
Showgirl,entertainment,1000_1600_ContentAware,3.24484791669841,1.85548497670903,5.54978733083134
Showgirl,entertainment,1000_320_Fixed,2.14316614725871,0.487158200180411,6.03213293641989
Showgirl,entertainment,1000_320_ContentAware,2.42841252760301,0.998841575382031,3.52709251976626
Showgirl,entertainment,1000_40000_Fixed,3.24399001773838,1.68478792121146,5.26065767704305
Showgirl,entertainment,1000_40000_ContentAware,2.55037437092908,1.25579253220653,4.71254333019087
Showgirl,entertainment,1000_64_Fixed,-0.542367058300006,-1.41562011243245,0.0809497777879998
Showgirl,entertainment,1000_64_ContentAware,0.208629759869225,-0.830007661871002,1.38329844638183
Showgirl,entertainment,1000_8000_Fixed,2.99833174043051,1.50332424563791,4.41292960939427
Showgirl,entertainment,1000_8000_ContentAware,3.04040940516845,1.48392855695365,5.01332114182593
Showgirl,entertainment,125_1600_Fixed,-2.30916398508946,-3.64447278652815,-1.3799373116149
Showgirl,entertainment,125_1600_ContentAware,-0.547475229701704,-1.52659321431119,0.10743459196698
Showgirl,entertainment,125_320_Fixed,-2.30622752117683,-3.46411047347541,-1.19857716878536
Showgirl,entertainment,125_320_ContentAware,-0.825575072427078,-1.8924115461271,0.0681809078258584
Showgirl,entertainment,125_40000_Fixed,-1.661277639714,-2.66991974192492,-0.659226860488316
Showgirl,entertainment,125_40000_ContentAware,-0.990188065035786,-2.29436389065557,0.628295081335471
Showgirl,entertainment,125_64_Fixed,-1.59644147460729,-2.68670782319376,-0.615496539066812
Showgirl,entertainment,125_64_ContentAware,-1.24281911698663,-2.22199817051665,-0.480361861561492
Showgirl,entertainment,125_8000_Fixed,-2.68135401367978,-4.64107446435003,-1.57777835819468
Showgirl,entertainment,125_8000_ContentAware,-1.07528621897099,-1.89113116598195,-0.539252090616437
Showgirl,entertainment,250_1600_Fixed,-0.00418059776517221,-0.936727339992831,0.648635329040475
Showgirl,entertainment,250_1600_ContentAware,0.852669316304781,0.17913136940073,1.49102124629927
Showgirl,entertainment,250_320_Fixed,-0.80220010093399,-1.62732112625797,-0.0714587252525049
Showgirl,entertainment,250_320_ContentAware,0.57908401367824,0.0951917553963273,1.16228357312029
Showgirl,entertainment,250_40000_Fixed,-0.576297659230469,-1.45126451157446,0.367369994035194
Showgirl,entertainment,250_40000_ContentAware,0.701697411943454,-0.120937731939467,1.70533319956304
Showgirl,entertainment,250_64_Fixed,-0.853160508493671,-1.8326890118651,0.22907671330497
Showgirl,entertainment,250_64_ContentAware,-0.859503523474384,-1.59594996366696,-0.107640378293675
Showgirl,entertainment,250_8000_Fixed,-0.0206883176291416,-0.995329705831776,0.887794890656623
Showgirl,entertainment,250_8000_ContentAware,-0.00771476349274265,-1.5960472882287,0.998633068008109
Showgirl,entertainment,500_1600_Fixed,1.94188615384148,0.888883599477475,3.37334127648697
Showgirl,entertainment,500_1600_ContentAware,3.08898682638654,1.00233992835182,5.53689101660012
Showgirl,entertainment,500_320_Fixed,2.74296365982006,1.36410331805278,4.31993262796666
Showgirl,entertainment,500_320_ContentAware,1.59421688626197,0.615458740993156,2.54424609843327
Showgirl,entertainment,500_40000_Fixed,1.92738870860527,0.977752336863113,2.9166429522727
Showgirl,entertainment,500_40000_ContentAware,0.715534784836734,-0.0658566953746331,1.49614045361471
Showgirl,entertainment,500_64_Fixed,0.504377162791654,-0.71408423997024,1.29477387360531
Showgirl,entertainment,500_64_ContentAware,0.0974248065825353,-0.812275544697671,0.87586233394476
Showgirl,entertainment,500_8000_Fixed,1.92469053078503,0.183895339657526,3.82780568001723
Showgirl,entertainment,500_8000_ContentAware,1.94096445990847,0.406252515812556,3.02446761677595
Showgirl,entertainment,63_1600_Fixed,-5.87795260030932,-7.34651951668629,-2.44748451458985
Showgirl,entertainment,63_1600_ContentAware,-1.28218110020713,-3.00890912128069,0.0473626174458037
Showgirl,entertainment,63_320_Fixed,-3.54486344553089,-6.34594766632137,-1.8191414074318
Showgirl,entertainment,63_320_ContentAware,-1.33099478044113,-3.01146012984871,-0.200692693241241
Showgirl,entertainment,63_40000_Fixed,-3.35882846767556,-5.66466320669874,-2.37758898299949
Showgirl,entertainment,63_40000_ContentAware,-1.33829951138297,-2.24847213569093,-0.392343943529888
Showgirl,entertainment,63_64_Fixed,-3.59060196504583,-5.92922098861138,-1.55475670401555
Showgirl,entertainment,63_64_ContentAware,-1.9542033976418,-3.46520961333103,-1.05240141658522
Showgirl,entertainment,63_8000_Fixed,-2.06681654325278,-4.64806284755935,-1.01934003142116
Showgirl,entertainment,63_8000_ContentAware,-2.63523584951481,-4.1735136901495,-1.28255592998677
Smith,entertainment,1000_1000000_Fixed,3.2004541099262,1.77666772132327,5.94299020372939
Smith,entertainment,1000_1600_Fixed,-0.380492567054921,-1.62987973712734,1.70827755279753
Smith,entertainment,1000_1600_ContentAware,-0.193479266866197,-1.27588766589144,1.31709099458686
Smith,entertainment,1000_320_Fixed,-3.12139360746691,-10.0308394698449,-1.58064238680878
Smith,entertainment,1000_320_ContentAware,-4.62417983200449,-13.8854685299185,-1.58930820292601
Smith,entertainment,1000_40000_Fixed,4.07204309987661,2.436413927128,7.27116795252989
Smith,entertainment,1000_40000_ContentAware,2.23552157613296,1.20033381720856,4.72678856383121
Smith,entertainment,1000_64_Fixed,-8.03302468628167,-18.6849244973005,-3.58635016482351
Smith,entertainment,1000_64_ContentAware,-5.1503025606408,-13.0130600405646,-2.66785721677367
Smith,entertainment,1000_8000_Fixed,3.37161395061944,1.65438200798166,6.91867719969742
Smith,entertainment,1000_8000_ContentAware,2.3284835923102,1.17674200410092,4.92474278750803
Smith,entertainment,125_1600_Fixed,1.69072075957698,0.418735475476835,3.7978707426042
Smith,entertainment,125_1600_ContentAware,1.41005205047325,0.447006862523682,3.4204926030296
Smith,entertainment,125_320_Fixed,-0.188688714300567,-1.31893096993231,1.84024119192785
Smith,entertainment,125_320_ContentAware,0.119297104741427,-0.747387650341154,1.91768783007953
Smith,entertainment,125_40000_Fixed,2.26708362781513,1.09039344001757,4.88194170684908
Smith,entertainment,125_40000_ContentAware,1.4710996111939,0.428870653344384,3.57703727817118
Smith,entertainment,125_64_Fixed,-2.29418563093659,-8.81851654594251,-1.30615439864372
Smith,entertainment,125_64_ContentAware,-2.10121957901634,-4.27665000847684,-1.27682768935829
Smith,entertainment,125_8000_Fixed,1.09283379953091,0.231354290737056,3.19279502115099
Smith,entertainment,125_8000_ContentAware,1.41182699238882,0.625310313798361,3.60152994252035
Smith,entertainment,250_1600_Fixed,1.44654629700188,0.305386923497015,3.7340332481256
Smith,entertainment,250_1600_ContentAware,1.42403322365315,0.271279396682906,3.58309601930483
Smith,entertainment,250_320_Fixed,-0.404961166625096,-1.30903001769971,1.25252480057314
Smith,entertainment,250_320_ContentAware,-0.788613333137262,-1.88255346794303,1.26133407292565
Smith,entertainment,250_40000_Fixed,2.69223407674302,1.26759841346546,5.95236601194826
Smith,entertainment,250_40000_ContentAware,3.16806197625875,1.90816505711532,5.87908806485736
Smith,entertainment,250_64_Fixed,-2.62823937170156,-4.02635264410318,-1.12236947085128
Smith,entertainment,250_64_ContentAware,-3.83512114756048,-11.9225091078723,-1.79289559793131
Smith,entertainment,250_8000_Fixed,2.17037672415963,1.05166145168124,4.64541760245361
Smith,entertainment,250_8000_ContentAware,1.9068168854042,0.673353829772108,4.00829485348851
Smith,entertainment,500_1600_Fixed,0.724543059484351,-0.2812037994846,2.84002238195157
Smith,entertainment,500_1600_ContentAware,1.39689116336316,0.457722570795681,3.66205997784754
Smith,entertainment,500_320_Fixed,-1.57663205824745,-4.00417982495332,0.257934446795216
Smith,entertainment,500_320_ContentAware,-2.3119194655827,-6.61999258749419,-1.43136891084711
Smith,entertainment,500_40000_Fixed,2.37964816315127,0.957165835405521,4.95851451175141
Smith,entertainment,500_40000_ContentAware,1.50586292300137,0.619822939350808,3.94940322001679
Smith,entertainment,500_64_Fixed,-5.14996627531804,-15.8184155435851,-2.69345010212191
Smith,entertainment,500_64_ContentAware,-3.35094228756726,-8.8336482600756,-1.94954926804742
Smith,entertainment,500_8000_Fixed,2.26272571152336,0.990936619432824,4.60976136382106
Smith,entertainment,500_8000_ContentAware,2.96180025902373,1.85128867162934,5.50394023437222
Smith,entertainment,63_1600_Fixed,-0.245852163918969,-1.04747588160376,1.54700167004619
Smith,entertainment,63_1600_ContentAware,-0.376516964676319,-1.22968543677065,1.39161198946804
Smith,entertainment,63_320_Fixed,0.154004249420147,-0.941518994390996,1.73268842477604
Smith,entertainment,63_320_ContentAware,-0.323322534977206,-1.50239515124606,1.19169073321665
Smith,entertainment,63_40000_Fixed,0.7922306622100008,-0.553755216930365,2.50128072393432
Smith,entertainment,63_40000_ContentAware,-0.221148830279697,-1.47335580602949,2.10970973186198
Smith,entertainment,63_64_Fixed,-1.09321445305866,-2.33429877234016,-0.336044528250112
Smith,entertainment,63_64_ContentAware,-2.48895201299463,-9.34766394160667,-1.2756686905133
Smith,entertainment,63_8000_Fixed,1.13349451400518,-0.0196661139165884,3.44455050829295
Smith,entertainment,63_8000_ContentAware,0.0920683471367244,-1.2748823048483,2.0887740323301
Web,productivity,1000_1000000_Fixed,1.3238619022549,0.588411088257528,2.22815587486891
Web,productivity,1000_1600_Fixed,1.68722290337317,1.07896784569745,2.44678079860959
Web,productivity,1000_1600_ContentAware,1.27725460016386,0.347117326012276,3.3505654548359
Web,productivity,1000_320_Fixed,0.378296931622059,-0.51803122970503,1.51118410325614
Web,productivity,1000_320_ContentAware,0.358310503561677,-0.503666838466902,1.34641495540645
Web,productivity,1000_40000_Fixed,2.26761842082792,1.2285625219399,4.29539129588004
Web,productivity,1000_40000_ContentAware,1.34614011355731,0.326784719841592,2.52237344952628
Web,productivity,1000_64_Fixed,-0.702910865508431,-1.48167092081789,0.0955991753575832
Web,productivity,1000_64_ContentAware,-1.21462468384371,-2.26414412068333,-0.301776358324477
Web,productivity,1000_8000_Fixed,1.78359956394277,0.603062654274777,3.94103428753321
Web,productivity,1000_8000_ContentAware,1.60394601451709,0.921592274647676,2.50700257803787
Web,productivity,125_1600_Fixed,-1.39185206493277,-2.62490182206633,-0.403875428160854
Web,productivity,125_1600_ContentAware,0.106692471957683,-0.81039400792057,1.01661298655686
Web,productivity,125_320_Fixed,-1.82771557068184,-2.84094976781727,-1.01914490767493
Web,productivity,125_320_ContentAware,-0.325635154362179,-0.839972864743551,0.163924824638861
Web,productivity,125_40000_Fixed,-0.485974462998695,-1.27809591249599,0.376138717414353
Web,productivity,125_40000_ContentAware,0.178020388925107,-0.504499490686533,0.896832530021045
Web,productivity,125_64_Fixed,-1.32819140199916,-2.34778868272246,-0.487910621777515
Web,productivity,125_64_ContentAware,-0.493195702709468,-1.35215162256279,0.430108477816238
Web,productivity,125_8000_Fixed,-1.07123819110087,-1.71810215972396,-0.46462072109021
Web,productivity,125_8000_ContentAware,-0.138463978951419,-0.986380153450189,0.840611623600258
Web,productivity,250_1600_Fixed,0.612562321909922,-0.0621722031155053,1.38340151396851
Web,productivity,250_1600_ContentAware,0.386845630088676,-0.449566021724514,1.22611709269483
Web,productivity,250_320_Fixed,0.368347895058803,-0.47183119977959,1.10584274499958
Web,productivity,250_320_ContentAware,0.299433850151987,-0.418871863520326,0.924212287544258
Web,productivity,250_40000_Fixed,-0.582752259060373,-1.34594710228245,0.116329514586644
Web,productivity,250_40000_ContentAware,0.191587804647081,-0.560796969180632,0.985727563304298
Web,productivity,250_64_Fixed,-1.10858797934353,-2.11736535808779,-0.202674864727063
Web,productivity,250_64_ContentAware,-0.507135377609484,-1.73454409134366,0.362778086557941
Web,productivity,250_8000_Fixed,0.03300396941135,-1.039652838075,1.17952883790369
Web,productivity,250_8000_ContentAware,1.49382071741595,0.333810748304681,2.68392463104222
Web,productivity,500_1600_Fixed,1.35502216808594,0.209877669635878,2.48374902180132
Web,productivity,500_1600_ContentAware,1.91193081302635,0.952751688857909,4.58979608810616
Web,productivity,500_320_Fixed,0.899939707465361,0.0380676356714869,1.860535493923
Web,productivity,500_320_ContentAware,1.63860479305619,0.923960426450534,2.53666923878084
Web,productivity,500_40000_Fixed,1.76008515704568,0.908336506939602,2.97757550406155
Web,productivity,500_40000_ContentAware,1.26156337349664,0.661549326352053,2.0865233138816
Web,productivity,500_64_Fixed,0.000549871037353054,-0.646247993050446,0.69051548013619
Web,productivity,500_64_ContentAware,-0.221850602678901,-1.07651608098558,0.555043605554951
Web,productivity,500_8000_Fixed,2.5132963043925,1.5437288758307,4.04803138112556
Web,productivity,500_8000_ContentAware,1.26636962137391,0.361139939695157,2.50111615187889
Web,productivity,63_1600_Fixed,-1.93733389615779,-3.2699366718406,-0.88533358978231
Web,productivity,63_1600_ContentAware,-0.786306467177069,-1.66444653845351,-0.209383526628085
Web,productivity,63_320_Fixed,-1.96336701640664,-3.65668725106878,-0.883564612387473
Web,productivity,63_320_ContentAware,-1.29940621726338,-1.98765394295262,-0.626504207801029
Web,productivity,63_40000_Fixed,-1.68892482981907,-2.69683568384085,-0.906392872431775
Web,productivity,63_40000_ContentAware,-1.26650332929578,-2.38593457908531,-0.437310647975019
Web,productivity,63_64_Fixed,-2.99514222116253,-4.85273367593705,-1.79165805808441
Web,productivity,63_64_ContentAware,-2.24140940481402,-3.60336583661913,-1.2235027474322
Web,productivity,63_8000_Fixed,-1.71213335208615,-3.10461736940109,-0.877495237459924
Web,productivity,63_8000_ContentAware,-1.01327278240399,-1.93646065049963,-0.218591477655826
Face2,faces,1000_1000000_Fixed,5.28184851047971,1.7385630539668,9.58553230877254
Face2,faces,1000_1600_Fixed,2.19672039794902,1.18378277799471,3.75925938232592
Face2,faces,1000_1600_ContentAware,1.77915939297139,0.47382629076692,3.63024232095915
Face2,faces,1000_320_Fixed,-0.678645834126727,-1.8314355517189,0.171901716108898
Face2,faces,1000_320_ContentAware,-0.294555067309901,-1.65673831243708,0.809941015767355
Face2,faces,1000_40000_Fixed,3.4527634058304,1.7950753506774,6.63033430374156
Face2,faces,1000_40000_ContentAware,4.78768531771203,2.00119948076112,11.046960348907
Face2,faces,1000_64_Fixed,-3.7848539959849,-6.74282711233372,-2.19850020168237
Face2,faces,1000_64_ContentAware,-2.38229562643736,-4.53761302419253,-1.10356693149209
Face2,faces,1000_8000_Fixed,4.25304141005531,1.47356704362109,11.3803704221086
Face2,faces,1000_8000_ContentAware,3.90421686107715,1.51410656790642,8.86335226659715
Face2,faces,125_1600_Fixed,-1.75741484876322,-3.09918053761787,-0.887924404316936
Face2,faces,125_1600_ContentAware,0.398923681785145,-0.90127997568602,1.37010632305318
Face2,faces,125_320_Fixed,-1.15608869472988,-2.74429269399647,-0.0302012122680873
Face2,faces,125_320_ContentAware,-0.731874183712294,-1.88086994034996,0.358139970411396
Face2,faces,125_40000_Fixed,-1.68548416419886,-3.63810066422912,-0.778490738992923
Face2,faces,125_40000_ContentAware,-0.0352031745380721,-1.24080350090842,0.956750680782034
Face2,faces,125_64_Fixed,-2.9920313542521,-5.13972516946774,-1.54954787796468
Face2,faces,125_64_ContentAware,-1.53840263940378,-2.59310426851623,-0.758331385493922
Face2,faces,125_8000_Fixed,-1.05281795792408,-2.23610966254687,0.02901098100090749
Face2,faces,125_8000_ContentAware,-0.042083390013966,-1.31074633882292,0.848279374327292
Face2,faces,250_1600_Fixed,0.262757842352861,-1.06361326642982,1.41888456006327
Face2,faces,250_1600_ContentAware,0.478391782619045,-0.328704787024741,1.0566099526675
Face2,faces,250_320_Fixed,-0.388864356256935,-1.56323635729593,0.896914018051722
Face2,faces,250_320_ContentAware,-0.00488635640039895,-1.10750774566246,0.78179633681505
Face2,faces,250_40000_Fixed,1.83290342595683,0.479526597305408,4.85132346272583
Face2,faces,250_40000_ContentAware,0.991670022166661,0.53045302796537,2.04968017063429
Face2,faces,250_64_Fixed,-1.86528495946307,-3.59824129510039,-0.716489085555323
Face2,faces,250_64_ContentAware,-1.96848648751911,-4.30101852439953,-0.8960310003521012
Face2,faces,250_8000_Fixed,0.106421185563082,-1.06338002646941,1.03838520139231
Face2,faces,250_8000_ContentAware,1.12444438486316,0.403944662936868,1.9095170574982
Face2,faces,500_1600_Fixed,1.78286161942962,0.605125506815193,3.04912196516135
Face2,faces,500_1600_ContentAware,1.59948042634514,0.51250714752957,3.13479887886223
Face2,faces,500_320_Fixed,0.791465394254236,-0.308287149170285,1.72180501513434
Face2,faces,500_320_ContentAware,-0.17338016176238,-1.24134054646889,0.633742780931939
Face2,faces,500_40000_Fixed,3.08838522612203,1.98994192421977,5.64601329193733
Face2,faces,500_40000_ContentAware,3.37947983212722,1.55319947604499,7.07490454807979
Face2,faces,500_64_Fixed,-2.52555162254292,-4.51235991661287,-1.05118776832159
Face2,faces,500_64_ContentAware,-1.33399337361109,-2.49514638509322,-0.501754584193811
Face2,faces,500_8000_Fixed,3.19874971729781,1.97972548784514,6.15356296820784
Face2,faces,500_8000_ContentAware,3.22924655166869,1.42268331046635,6.798100097534076
Face2,faces,63_1600_Fixed,-3.20638512760703,-5.05292354089473,-1.81726672584386
Face2,faces,63_1600_ContentAware,-1.04662671203253,-2.39678425181499,0.287468189685674
Face2,faces,63_320_Fixed,-3.42185698348167,-5.53066400207983,-1.58521322390862
Face2,faces,63_320_ContentAware,-1.55927706802464,-3.08018916598667,-0.214732622413875
Face2,faces,63_40000_Fixed,-3.61742306732269,-6.09397826025836,-2.38348428444099
Face2,faces,63_40000_ContentAware,-1.16945636025125,-2.59780916825952,-0.238518554051917
Face2,faces,63_64_Fixed,-3.0128919690118,-5.12890858089973,-1.58142171964822
Face2,faces,63_64_ContentAware,-1.93805800079013,-3.35767672377481,-0.618590466577462
Face2,faces,63_8000_Fixed,-1.489110005143505,-3.20481140600883,-0.430831149318989
Face2,faces,63_8000_ContentAware,-1.06724479971871,-2.16559607485701,-0.0505653184213824
Face3,faces,1000_1000000_Fixed,2.14772359396485,0.892544088360711,4.19879545504478
Face3,faces,1000_1600_Fixed,1.89517687453761,0.581978402318107,3.4701325016285
Face3,faces,1000_1600_ContentAware,2.69617105295951,1.37878737853524,5.70676240367911
Face3,faces,1000_320_Fixed,0.736287491213725,-0.0329638493349071,1.69762570356051
Face3,faces,1000_320_ContentAware,0.380844474785793,-0.233263859249832,0.864152749226726
Face3,faces,1000_40000_Fixed,3.02321644272474,1.25088295274027,5.62544302683007
Face3,faces,1000_40000_ContentAware,1.91699525512573,0.462112016265736,4.90150538181863
Face3,faces,1000_64_Fixed,-2.06949218296419,-4.91010025610289,-0.748868850647482
Face3,faces,1000_64_ContentAware,-1.91406655754411,-4.59564907279628,-0.394852910282868
Face3,faces,1000_8000_Fixed,2.16135546515667,0.776607820933559,3.89715559864465
Face3,faces,1000_8000_ContentAware,1.82054021018244,0.67167863449392,3.22297653197201
Face3,faces,125_1600_Fixed,-1.79545513225136,-3.224429243119,-0.779554309518492
Face3,faces,125_1600_ContentAware,-0.641461536831041,-1.71332209131199,0.1564761804810002
Face3,faces,125_320_Fixed,-0.743195750603951,-1.70542592800199,-0.135298479367951
Face3,faces,125_320_ContentAware,-0.70978009785185,-1.57005169180481,-0.00163433587859189
Face3,faces,125_40000_Fixed,-1.0193644208278,-2.19729623730736,0.270221914516346
Face3,faces,125_40000_ContentAware,1.03627290303873,-0.0401703480218817,2.29030473233088
Face3,faces,125_64_Fixed,-2.39516508976299,-3.95448805910581,-1.35580059204675
Face3,faces,125_64_ContentAware,-2.00803159613127,-3.204906618100018,-1.20281448590745
Face3,faces,125_8000_Fixed,-1.07315316987408,-1.89816280221741,-0.417883358122862
Face3,faces,125_8000_ContentAware,-1.1265152227747,-2.15727726465483,-0.307452296185809
Face3,faces,250_1600_Fixed,1.05695948763554,0.285157216295257,1.94525564456662
Face3,faces,250_1600_ContentAware,1.07030525759972,-0.005840480569324,2.70510433466639
Face3,faces,250_320_Fixed,0.186261143649764,-0.651727611013001,1.33775503374879
Face3,faces,250_320_ContentAware,-0.0580434376666394,-0.735924060177229,0.60529452798666
Face3,faces,250_40000_Fixed,0.727752571384882,-0.30512198827272,1.70359718569401
Face3,faces,250_40000_ContentAware,0.830153651173486,-0.431689924366228,2.6015272640285
Face3,faces,250_64_Fixed,-0.151554841177159,-1.45283931055682,0.981823364449785
Face3,faces,250_64_ContentAware,-1.22353288546557,-2.14298511422921,-0.348913738911229
Face3,faces,250_8000_Fixed,0.76471817575664,0.161323047204889,1.35912080913242
Face3,faces,250_8000_ContentAware,1.55745319264272,0.420725572463284,3.76531787468513
Face3,faces,500_1600_Fixed,2.1976916572275,1.31999539351143,3.5472693796096
Face3,faces,500_1600_ContentAware,1.56306005811935,0.509486930723443,2.978496199100035
Face3,faces,500_320_Fixed,0.811406752105408,-0.25167476285106,1.92766482396761
Face3,faces,500_320_ContentAware,1.32163631054385,0.470586284143743,2.29082412301775
Face3,faces,500_40000_Fixed,2.16290265533158,1.00569815903878,3.90643730197339
Face3,faces,500_40000_ContentAware,2.33375193555142,1.1584556864669,3.93095939292901
Face3,faces,500_64_Fixed,-0.556074659351254,-2.00434878799105,0.428732803485319
Face3,faces,500_64_ContentAware,-0.566117071439002,-1.51894893425634,0.147759391353405
Face3,faces,500_8000_Fixed,2.68845710632424,1.68822241662622,4.34380829183445
Face3,faces,500_8000_ContentAware,2.48094074402214,1.00777410480674,4.40459847041969
Face3,faces,63_1600_Fixed,-2.11929767355826,-4.05405709077,-0.97405551989136
Face3,faces,63_1600_ContentAware,-1.12787778326676,-2.10494232935613,-0.108113744737636
Face3,faces,63_320_Fixed,-4.2849352668089,-6.50804471769258,-2.1129365931882
Face3,faces,63_320_ContentAware,-1.45431886584626,-2.72038446284742,-0.463678883886423
Face3,faces,63_40000_Fixed,-2.48470137357414,-4.8258954506467,-1.10247518660321
Face3,faces,63_40000_ContentAware,-1.24537873590718,-2.20263924838978,-0.589553212409001
Face3,faces,63_64_Fixed,-2.17203705239314,-3.79868860394188,-1.04520589166593
Face3,faces,63_64_ContentAware,-2.493742477815,-4.05441796097638,-1.11651361869151
Face3,faces,63_8000_Fixed,-2.52521370014472,-4.03418698465901,-1.25160841502195
Face3,faces,63_8000_ContentAware,-1.60952788092673,-2.97175269715541,-0.666172008130456
Face1,faces,1000_1000000_Fixed,1.84679697022164,0.496917821115113,3.03903689103615
Face1,faces,1000_1600_Fixed,-0.1340404900804,-1.42552091680088,0.717724214241478
Face1,faces,1000_1600_ContentAware,-0.119188327496963,-1.32931467750153,0.983716450784772
Face1,faces,1000_320_Fixed,-1.53793292715847,-6.55391054774973,-0.795394124959773
Face1,faces,1000_320_ContentAware,-1.34046512161126,-2.69129318693263,-0.740014670371846
Face1,faces,1000_40000_Fixed,2.22043675144543,0.699085472554945,4.02041608398773
Face1,faces,1000_40000_ContentAware,2.19038107037545,0.758504729991259,3.4937157552176
Face1,faces,1000_64_Fixed,-10.8949486453785,-18.3639744337254,-2.70937895421972
Face1,faces,1000_64_ContentAware,-7.7645810461887,-11.8279512286765,-1.68053778815815
Face1,faces,1000_8000_Fixed,1.60568417207944,0.0335716527693169,3.80296453664814
Face1,faces,1000_8000_ContentAware,1.95361818179705,0.577306856395192,3.50243398174784
Face1,faces,125_1600_Fixed,2.01022517910184,0.593471291339306,3.63150635179416
Face1,faces,125_1600_ContentAware,1.90792776229352,0.645081245556729,3.17078536642406
Face1,faces,125_320_Fixed,-0.960581898959345,-2.76073817743571,-0.0032854470314388
Face1,faces,125_320_ContentAware,0.0702492222869819,-0.965044708402306,0.816369391283728
Face1,faces,125_40000_Fixed,2.25188595596046,0.828263165266233,3.89622976419621
Face1,faces,125_40000_ContentAware,3.09958332241336,1.30633789362492,4.73521437632525
Face1,faces,125_64_Fixed,-1.70232235929036,-6.01248845178357,-0.873568420353143
Face1,faces,125_64_ContentAware,-5.04630856309412,-10.4563071260897,-1.68241858537588
Face1,faces,125_8000_Fixed,4.071000122280873,2.45689392308106,6.1611378880385
Face1,faces,125_8000_ContentAware,2.55774061592972,0.839609342630677,4.72657787723515
Face1,faces,250_1600_Fixed,1.03556899823672,-0.454354138669697,2.30391361173594
Face1,faces,250_1600_ContentAware,0.533370414915947,-0.682558133136016,1.42166093919268
Face1,faces,250_320_Fixed,-0.485170580243657,-1.73830590336651,0.258629918088365
Face1,faces,250_320_ContentAware,0.0503744517494267,-1.13567765017728,0.949813262128735
Face1,faces,250_40000_Fixed,1.5129816154997,0.206871828333212,2.9257439556173
Face1,faces,250_40000_ContentAware,2.71180904716964,1.01308807891914,4.28636441941288
Face1,faces,250_64_Fixed,-3.57108409749126,-8.83565655362568,-1.75165415524407
Face1,faces,250_64_ContentAware,-3.61967509040944,-7.43690468553335,-1.57830404900016
Face1,faces,250_8000_Fixed,2.5528979525859,0.942062361775455,3.97104780744189
Face1,faces,250_8000_ContentAware,2.18246549638465,0.672281858163509,3.58160150048016
Face1,faces,500_1600_Fixed,1.03505105046574,-0.218239252850571,2.28828733173639
Face1,faces,500_1600_ContentAware,0.68402479923976,-0.506929757147935,1.81173410709711
Face1,faces,500_320_Fixed,-1.05378240001569,-4.10641476634264,-0.209826509604774
Face1,faces,500_320_ContentAware,-3.06614196837128,-5.89272922862684,-1.10811476297959
Face1,faces,500_40000_Fixed,3.21893734696323,1.11569898640612,4.85575724712339
Face1,faces,500_40000_ContentAware,3.46081576364399,1.55451975424643,6.51338383833006
Face1,faces,500_64_Fixed,-7.85944411054861,-11.0971182979179,-1.63089869359278
Face1,faces,500_64_ContentAware,-5.33192070133396,-8.80208623381084,-1.57984767065291
Face1,faces,500_8000_Fixed,1.94579402163524,0.553767163070696,3.25363934159156
Face1,faces,500_8000_ContentAware,2.76615271403507,1.12361344278899,4.51301085241005
Face1,faces,63_1600_Fixed,1.22606875341755,-0.0457132691745043,2.73693315990632
Face1,faces,63_1600_ContentAware,1.90705608829407,0.454869199296882,3.39535715589653
Face1,faces,63_320_Fixed,0.227676795421608,-0.920968823590516,1.33814426678646
Face1,faces,63_320_ContentAware,0.150122212247223,-1.36067307771249,1.12339446389384
Face1,faces,63_40000_Fixed,0.811866175313064,-0.648187928603268,2.51885681212797
Face1,faces,63_40000_ContentAware,0.87249199191873,-0.462541091185293,2.90118655914983
Face1,faces,63_64_Fixed,-1.24749848388775,-2.9468370947263,-0.735801089076481
Face1,faces,63_64_ContentAware,-1.77236129518417,-4.40556678620025,-0.896174761706455
Face1,faces,63_8000_Fixed,2.22311197002274,0.697143075026066,3.74369717898119
Face1,faces,63_8000_ContentAware,0.6044800208703,-0.3210002939170018,1.68021734024227
Courtyard,UGC,1000_1000000_Fixed,1.7422750304716,1.14843221279452,3.02541842793129
Courtyard,UGC,1000_1600_Fixed,2.23944406645158,1.08678757535684,4.60398845815319
Courtyard,UGC,1000_1600_ContentAware,3.05579335171351,1.52674742127611,6.56232149788225
Courtyard,UGC,1000_320_Fixed,0.387480779373193,-0.749324014328869,1.73691103861388
Courtyard,UGC,1000_320_ContentAware,1.70936338773863,0.984298808173915,3.18109382031395
Courtyard,UGC,1000_40000_Fixed,3.0428777630502,1.72199566076915,6.05683607954032
Courtyard,UGC,1000_40000_ContentAware,2.2116956691742,1.17036631855807,4.04680592860214
Courtyard,UGC,1000_64_Fixed,-0.893663914237349,-1.91546814740389,0.0305142358800127
Courtyard,UGC,1000_64_ContentAware,-0.586141040305742,-1.56090762283471,0.202998263860137
Courtyard,UGC,1000_8000_Fixed,1.72184830602758,0.832565031238956,3.58031755714494
Courtyard,UGC,1000_8000_ContentAware,0.691688667479725,0.0496415842020243,1.74869943544746
Courtyard,UGC,125_1600_Fixed,-0.777488284424993,-2.50986346062821,0.0803397207340331
Courtyard,UGC,125_1600_ContentAware,-0.627818994559576,-2.05732371902069,0.554910047895467
Courtyard,UGC,125_320_Fixed,-0.416355457103657,-1.97114689450997,0.565956911503122
Courtyard,UGC,125_320_ContentAware,0.0728697603673672,-0.488202142073092,0.727075762957371
Courtyard,UGC,125_40000_Fixed,0.081262613476013,-0.645575692414523,0.739558753605605
Courtyard,UGC,125_40000_ContentAware,-0.552380669643988,-1.92758708189163,0.497212733762288
Courtyard,UGC,125_64_Fixed,-2.24462115745799,-3.56130950767469,-1.43667995091602
Courtyard,UGC,125_64_ContentAware,-1.69976210248564,-2.81279462551178,-1.11217974260102
Courtyard,UGC,125_8000_Fixed,-0.576875813353326,-1.77518489210982,0.685768424698727
Courtyard,UGC,125_8000_ContentAware,-0.931331047985979,-2.51704561003345,-0.117247147098182
Courtyard,UGC,250_1600_Fixed,0.831996645841125,0.115643944577319,2.26910305852759
Courtyard,UGC,250_1600_ContentAware,0.89135520285785,0.0347124885562055,1.68734008712227
Courtyard,UGC,250_320_Fixed,0.497721340818323,-0.596275134274061,1.50643590068184
Courtyard,UGC,250_320_ContentAware,0.85678077592922,0.142782932207868,1.60577283711408
Courtyard,UGC,250_40000_Fixed,0.088286376836236,-0.689212053017534,0.990506115466857
Courtyard,UGC,250_40000_ContentAware,0.693932597375528,-0.321711752911322,2.39412243276123
Courtyard,UGC,250_64_Fixed,-0.445146763972589,-1.35383901539102,0.245950859423065
Courtyard,UGC,250_64_ContentAware,-1.06605425851975,-4.99880612364607,-0.155987165594581
Courtyard,UGC,250_8000_Fixed,0.405981536704039,-0.308570935426444,1.0707784415489
Courtyard,UGC,250_8000_ContentAware,1.41540516562009,0.475490592826001,2.82309325995685
Courtyard,UGC,500_1600_Fixed,2.70551269747549,1.0381249130839,5.46484301917978
Courtyard,UGC,500_1600_ContentAware,1.88777652327152,1.03986520316403,3.50934638502104
Courtyard,UGC,500_320_Fixed,0.694934577400297,-0.317411586226442,1.98910931557304
Courtyard,UGC,500_320_ContentAware,0.552072860792394,-0.328540851492839,1.64702339785249
Courtyard,UGC,500_40000_Fixed,2.00954870173942,1.2530543363816,3.38322034636791
Courtyard,UGC,500_40000_ContentAware,1.46671827907377,0.238953848246878,3.49468489467462
Courtyard,UGC,500_64_Fixed,-0.975595143855489,-1.77423755190614,-0.235602595974562
Courtyard,UGC,500_64_ContentAware,-0.967333762454747,-2.15881308660065,-0.0881565997848386
Courtyard,UGC,500_8000_Fixed,2.05483673472749,0.822044841076987,3.58974000168445
Courtyard,UGC,500_8000_ContentAware,1.78082617162965,1.02130087755172,3.07389136442091
Courtyard,UGC,63_1600_Fixed,-3.38420981298294,-5.62736882965535,-1.79447883675862
Courtyard,UGC,63_1600_ContentAware,-1.8428521889849,-2.91029949135757,-1.11391269468175
Courtyard,UGC,63_320_Fixed,-0.785248570875182,-1.99942518649053,-0.122837742079162
Courtyard,UGC,63_320_ContentAware,-1.92792913853215,-3.21333661743179,-0.882092800701421
Courtyard,UGC,63_40000_Fixed,-2.16627651894456,-3.32751988788446,-1.42485504206688
Courtyard,UGC,63_40000_ContentAware,-2.46797494100112,-7.90336591991986,-0.993578523250917
Courtyard,UGC,63_64_Fixed,-1.46772685081826,-3.15517168648714,-0.599767302158525
Courtyard,UGC,63_64_ContentAware,-3.86905277371968,-6.54959439602291,-2.44101017347266
Courtyard,UGC,63_8000_Fixed,-2.80874069100958,-6.25217719745606,-1.66415612962022
Courtyard,UGC,63_8000_ContentAware,-2.30970568618683,-4.17330470115285,-0.843628763216106
Earth,productivity,1000_1000000_Fixed,1.69565388930138,0.690555698594103,3.28671494821983
Earth,productivity,1000_1600_Fixed,1.20584717013033,0.676581048478256,1.97638106923091
Earth,productivity,1000_1600_ContentAware,1.2552487106246,0.289556255954665,4.26606834282123
Earth,productivity,1000_320_Fixed,0.189136582785463,-0.875801923688669,1.19787293942117
Earth,productivity,1000_320_ContentAware,0.680926876539318,-0.147105728441405,1.8185083696339
Earth,productivity,1000_40000_Fixed,1.01221689297381,0.205049812334255,1.9857045311217
Earth,productivity,1000_40000_ContentAware,2.5149026180743,1.37546940303749,5.25957161398705
Earth,productivity,1000_64_Fixed,-1.15284369423714,-2.66575535419868,0.087930276845618
Earth,productivity,1000_64_ContentAware,-1.76856809951521,-3.36509381807058,-0.6882100024036128
Earth,productivity,1000_8000_Fixed,1.79779340489268,0.902215133743097,3.30564631971092
Earth,productivity,1000_8000_ContentAware,2.42813892184075,1.20924092490347,5.32712438714841
Earth,productivity,125_1600_Fixed,-0.552678704986855,-1.43216598944316,0.137434059993533
Earth,productivity,125_1600_ContentAware,-0.913717026972801,-1.91720793364039,-0.373175135801507
Earth,productivity,125_320_Fixed,-1.02604010654724,-1.98488376935985,-0.395533206208688
Earth,productivity,125_320_ContentAware,-1.01011906936046,-2.07405126535442,-0.223807728107562
Earth,productivity,125_40000_Fixed,-0.225017803117872,-1.16573020963129,0.590711872292611
Earth,productivity,125_40000_ContentAware,-0.189575172640978,-0.993279482428866,0.450566288739472
Earth,productivity,125_64_Fixed,-0.983313737521766,-2.39472373241095,0.152277204093231
Earth,productivity,125_64_ContentAware,-1.409368739010005,-2.6948994298732,-0.488341194274088
Earth,productivity,125_8000_Fixed,-0.109553860829381,-1.01144323060483,0.58081821262696
Earth,productivity,125_8000_ContentAware,-0.748301648891155,-1.8784543328067,0.215810789647725
Earth,productivity,250_1600_Fixed,0.150274236626394,-0.821503225389729,1.41569113740929
Earth,productivity,250_1600_ContentAware,0.992478300818104,0.192195334620389,1.92877222289685
Earth,productivity,250_320_Fixed,-0.145000736406038,-1.07241585002673,0.800673123626689
Earth,productivity,250_320_ContentAware,0.459420206591243,-0.382287260812915,1.66894622382637
Earth,productivity,250_40000_Fixed,0.698767493648541,-0.166305940726749,1.50366579515573
Earth,productivity,250_40000_ContentAware,1.05275352533931,0.25958353182836,2.16435067815231
Earth,productivity,250_64_Fixed,-0.670987782577167,-1.81154300975286,0.327625171448343
Earth,productivity,250_64_ContentAware,-0.652779376117362,-1.83751515736932,0.0622395946694582
Earth,productivity,250_8000_Fixed,1.96587941529547,1.0893650066823,3.19735400787972
Earth,productivity,250_8000_ContentAware,1.30673106162464,0.550356146376962,2.39018401960643
Earth,productivity,500_1600_Fixed,0.942692019738885,0.2100004796090187,1.81840113816767
Earth,productivity,500_1600_ContentAware,1.47153391270563,0.548100789016127,3.01316016116155
Earth,productivity,500_320_Fixed,0.587921814978517,-0.0176851882575646,1.43460471828928
Earth,productivity,500_320_ContentAware,1.0160466558579,0.148674337222841,2.31237332157518
Earth,productivity,500_40000_Fixed,1.84297438017315,1.32864611483691,2.96450474533095
Earth,productivity,500_40000_ContentAware,1.34546678427952,0.483132750116886,2.86822094970222
Earth,productivity,500_64_Fixed,-0.785015711496449,-2.41495194177272,0.199278346421584
Earth,productivity,500_64_ContentAware,-1.19420537153291,-2.26942615504735,-0.351784019768592
Earth,productivity,500_8000_Fixed,0.520886621143851,-0.401925129136154,1.83090121436095
Earth,productivity,500_8000_ContentAware,2.32336784937745,1.07367091643099,4.4746466866875
Earth,productivity,63_1600_Fixed,-0.838245883250072,-2.03984463999067,0.0668147351679533
Earth,productivity,63_1600_ContentAware,-1.0429533976307,-1.93969928515001,-0.223539953514003
Earth,productivity,63_320_Fixed,-2.438699910007484,-4.13647557749886,-1.41159785261902
Earth,productivity,63_320_ContentAware,-1.60140082807245,-2.75274721238855,-0.711406710559052
Earth,productivity,63_40000_Fixed,-1.51988384943504,-2.68196870594854,-0.802927810856416
Earth,productivity,63_40000_ContentAware,-1.54182488457931,-2.86394596204523,-0.614907204648943
Earth,productivity,63_64_Fixed,-2.91872213905789,-11.4099097136986,-1.83881882812149
Earth,productivity,63_64_ContentAware,-2.26091411775568,-3.76029983900617,-1.39133544212223
Earth,productivity,63_8000_Fixed,-0.984649411452908,-2.15423284147248,-0.103545961135035
Earth,productivity,63_8000_ContentAware,-0.772678194203526,-2.20448594166177,0.191371444744496
Werewolf,entertainment,1000_1000000_Fixed,2.08315506934703,1.27103014759428,3.32841154396668
Werewolf,entertainment,1000_1600_Fixed,1.47513395296021,0.507277578235371,3.11146464415588
Werewolf,entertainment,1000_1600_ContentAware,1.65552119073838,0.63960082427536,3.541656043026
Werewolf,entertainment,1000_320_Fixed,0.235877694567786,-0.492423601379888,1.13920662257264
Werewolf,entertainment,1000_320_ContentAware,0.798816830616023,-0.216736055343626,2.26014453546713
Werewolf,entertainment,1000_40000_Fixed,2.00877690745713,1.02211693245598,4.05125976708664
Werewolf,entertainment,1000_40000_ContentAware,1.10715857125711,0.539634911099184,2.07096635928802
Werewolf,entertainment,1000_64_Fixed,-0.308851846424949,-1.26269694972625,0.624532791672388
Werewolf,entertainment,1000_64_ContentAware,-3.58991488429562,-12.5316667913728,-2.01348835746085
Werewolf,entertainment,1000_8000_Fixed,1.49153864619664,0.589834732882013,2.70474578660624
Werewolf,entertainment,1000_8000_ContentAware,1.97185517515215,1.12715151083393,3.28177506313819
Werewolf,entertainment,125_1600_Fixed,-0.154517072976525,-1.09571843517303,0.940480570327917
Werewolf,entertainment,125_1600_ContentAware,0.951916087460058,0.167059603205096,2.18959024361913
Werewolf,entertainment,125_320_Fixed,-0.193126568252993,-1.20549733299204,0.547991695336467
Werewolf,entertainment,125_320_ContentAware,0.223254242955611,-0.663044449221755,1.3997936665566
Werewolf,entertainment,125_40000_Fixed,-0.883859091382523,-2.36880629830165,0.0918964083546055
Werewolf,entertainment,125_40000_ContentAware,-0.117761177503012,-1.30345990173981,1.05138105819592
Werewolf,entertainment,125_64_Fixed,-1.4792175728396,-2.57509206617213,-0.760311942358017
Werewolf,entertainment,125_64_ContentAware,-1.54375446605204,-2.52837799057105,-0.931548043964063
Werewolf,entertainment,125_8000_Fixed,-0.074379592273925,-0.950038823922212,0.73646279307195
Werewolf,entertainment,125_8000_ContentAware,0.14576631113652,-0.759813522873383,1.19501708035756
Werewolf,entertainment,250_1600_Fixed,0.544899503933374,-0.125037051383078,1.91957009250402
Werewolf,entertainment,250_1600_ContentAware,1.05879333008845,0.233499691649623,2.59210036951141
Werewolf,entertainment,250_320_Fixed,0.644302539062174,-0.0354037402138701,1.69514850151098
Werewolf,entertainment,250_320_ContentAware,0.400553991249231,-0.409321971512893,1.65908268800536
Werewolf,entertainment,250_40000_Fixed,0.301740196516464,-0.606502894716989,2.00367304579179
Werewolf,entertainment,250_40000_ContentAware,0.322100069148524,-0.734717112739589,1.36475275169524
Werewolf,entertainment,250_64_Fixed,-0.548487246892187,-1.49382556206391,0.315813361927067
Werewolf,entertainment,250_64_ContentAware,-1.51940133771175,-4.41759384180904,-0.679095396750438
Werewolf,entertainment,250_8000_Fixed,0.934656604430675,-0.0273903000403042,2.10827419013278
Werewolf,entertainment,250_8000_ContentAware,0.785720132652964,-0.0143232317480177,1.96253529694013
Werewolf,entertainment,500_1600_Fixed,2.20432565919419,1.07641036502487,4.7658546642233
Werewolf,entertainment,500_1600_ContentAware,1.49702974704124,0.952591006379475,2.68492624900059
Werewolf,entertainment,500_320_Fixed,0.472294447523957,-0.250249578949914,1.27566892883549
Werewolf,entertainment,500_320_ContentAware,0.711609692348608,0.0687537701297426,1.53666718051852
Werewolf,entertainment,500_40000_Fixed,1.49779000906731,0.604515689842887,2.95804125530265
Werewolf,entertainment,500_40000_ContentAware,0.93178739441474,0.083870448023509,2.18935039552051
Werewolf,entertainment,500_64_Fixed,-1.30328047271146,-3.0752363989901,-0.444050641184785
Werewolf,entertainment,500_64_ContentAware,-1.11216435333203,-2.53237879519259,-0.147950819038707
Werewolf,entertainment,500_8000_Fixed,1.27139603474478,0.336291853300622,3.24295655395099
Werewolf,entertainment,500_8000_ContentAware,1.22967295749579,0.46152332223051,2.89149007107356
Werewolf,entertainment,63_1600_Fixed,-1.01722555028097,-1.85089045998609,-0.256361565547743
Werewolf,entertainment,63_1600_ContentAware,-1.34634064553027,-2.64474221839478,-0.493287733128714
Werewolf,entertainment,63_320_Fixed,-1.87663228008833,-3.48835325163523,-0.819380710261241
Werewolf,entertainment,63_320_ContentAware,-2.16162552210036,-4.88704050505239,-1.32470600050714
Werewolf,entertainment,63_40000_Fixed,-1.37569494109767,-3.088277716022,-0.511345565457862
Werewolf,entertainment,63_40000_ContentAware,-0.586526153941285,-1.69238270852716,0.00505226634810767
Werewolf,entertainment,63_64_Fixed,-2.35443093307003,-3.82720429743252,-1.4627799559425
Werewolf,entertainment,63_64_ContentAware,-2.30262294405816,-4.17936322097817,-1.50393323997465
Werewolf,entertainment,63_8000_Fixed,-2.54679123377282,-4.47992962034396,-1.03281687721004
Werewolf,entertainment,63_8000_ContentAware,-0.560837102168626,-1.40752330334043,0.48750676906592
Messaging,productivity,1000_1000000_Fixed,2.97049851506915,1.53346469758522,5.38056638422167
Messaging,productivity,1000_1600_Fixed,2.74176362234538,1.44528967219141,5.69087749958329
Messaging,productivity,1000_1600_ContentAware,2.89740073546327,1.40271017744098,6.30700757360406
Messaging,productivity,1000_320_Fixed,1.51572271962371,0.433178406002026,2.61139422020061
Messaging,productivity,1000_320_ContentAware,1.51365969718576,0.77120551653129,2.8542561739821
Messaging,productivity,1000_40000_Fixed,4.37483146455257,1.69630755523547,7.97264348097551
Messaging,productivity,1000_40000_ContentAware,2.80974719566303,1.51279211185036,5.61900296276922
Messaging,productivity,1000_64_Fixed,-1.27600216565956,-2.1134285361548,-0.43993912466529
Messaging,productivity,1000_64_ContentAware,-1.27251570064192,-2.61236573939237,-0.221459407635314
Messaging,productivity,1000_8000_Fixed,3.9418678239923,1.70332188912493,6.96596239733607
Messaging,productivity,1000_8000_ContentAware,2.78201524832128,1.61946320284284,4.69212984252056
Messaging,productivity,125_1600_Fixed,-1.50432205118118,-2.51865583726645,-0.64763258755211
Messaging,productivity,125_1600_ContentAware,-0.0411022034607493,-0.946831778800763,0.611783634756677
Messaging,productivity,125_320_Fixed,-1.0539972467487,-2.19414653610802,-0.312012160133172
Messaging,productivity,125_320_ContentAware,-0.319016889897813,-1.10519940224976,0.451243278433781
Messaging,productivity,125_40000_Fixed,-2.47435227066566,-6.02788839933224,-0.987342312125548
Messaging,productivity,125_40000_ContentAware,-0.384154807898153,-1.10664852053047,0.217315618935549
Messaging,productivity,125_64_Fixed,-1.65205020983962,-2.66742849593012,-0.857862466254218
Messaging,productivity,125_64_ContentAware,-0.821486376726889,-1.77372892527732,-0.0790757860076933
Messaging,productivity,125_8000_Fixed,-1.66378850120248,-2.85196842233539,-0.473137065855624
Messaging,productivity,125_8000_ContentAware,-0.4357010005534674,-1.34323933684422,0.229654942530964
Messaging,productivity,250_1600_Fixed,-0.175377374077521,-1.07056263423938,0.76126557150494
Messaging,productivity,250_1600_ContentAware,0.790914706841332,0.273546810217464,1.5560179869765
Messaging,productivity,250_320_Fixed,0.155042962143442,-0.619932758052743,0.780997967429686
Messaging,productivity,250_320_ContentAware,-0.409958498104918,-2.84332088024177,0.610719678407389
Messaging,productivity,250_40000_Fixed,0.306304072062765,-0.846686379233394,1.3356997557244
Messaging,productivity,250_40000_ContentAware,0.699733727241766,-0.12347303833007,1.69220951238724
Messaging,productivity,250_64_Fixed,-0.814407661866156,-1.71009847170665,-0.0672104588851998
Messaging,productivity,250_64_ContentAware,-0.679139637631992,-1.88792146004948,0.326323715963837
Messaging,productivity,250_8000_Fixed,0.228729067653913,-0.433328533285754,0.87114532129065
Messaging,productivity,250_8000_ContentAware,-0.0147751917099576,-0.918618412163577,1.04222699943341
Messaging,productivity,500_1600_Fixed,2.04297292521214,1.21502197679845,3.91635918906516
Messaging,productivity,500_1600_ContentAware,2.21038411834371,0.766687359131317,5.99893863339404
Messaging,productivity,500_320_Fixed,1.62469386391035,0.696773811036304,3.10896867336269
Messaging,productivity,500_320_ContentAware,1.30377069821819,0.627871719197228,2.22555408720811
Messaging,productivity,500_40000_Fixed,2.33500311086304,1.36788646016294,3.97517814427295
Messaging,productivity,500_40000_ContentAware,1.90149653984162,0.732983536502961,3.76568190622753
Messaging,productivity,500_64_Fixed,-0.320957115559248,-1.74101394575282,0.845363072600231
Messaging,productivity,500_64_ContentAware,-0.53274085731826,-1.42781160040605,0.256105644487996
Messaging,productivity,500_8000_Fixed,1.52880680392987,0.666757879647263,2.76205290132266
Messaging,productivity,500_8000_ContentAware,1.33759054253661,0.431778474960071,3.03031100323754
Messaging,productivity,63_1600_Fixed,-2.17041784382798,-3.64604662491483,-1.18189869400005
Messaging,productivity,63_1600_ContentAware,-1.5732892050468,-2.78502051281106,-0.674617815383305
Messaging,productivity,63_320_Fixed,-2.71912598420658,-6.36260631835269,-1.55275781526981
Messaging,productivity,63_320_ContentAware,-1.6948907034273,-3.28947839820262,-0.422310154118002
Messaging,productivity,63_40000_Fixed,-4.34168725876581,-9.053548663165,-2.23719705788219
Messaging,productivity,63_40000_ContentAware,-2.71276502686722,-5.36083232981983,-1.2587098322835
Messaging,productivity,63_64_Fixed,-2.73685396386555,-5.70871960343246,-1.6104310724136
Messaging,productivity,63_64_ContentAware,-2.427364701862,-4.57894608928816,-1.15971452633301
Messaging,productivity,63_8000_Fixed,-3.86438737473379,-5.98981747644348,-2.12223050824779
Messaging,productivity,63_8000_ContentAware,-1.92631353268669,-3.33113166248128,-0.94040499134402
Porsche,UGC,1000_1000000_Fixed,2.78745007166343,1.379190755049,5.98329916070307
Porsche,UGC,1000_1600_Fixed,3.05171965289735,1.17280328034952,6.40473944253615
Porsche,UGC,1000_1600_ContentAware,4.62025475595923,2.11986134237324,8.70705258974954
Porsche,UGC,1000_320_Fixed,1.86469873275577,0.997043625858893,3.65093665893936
Porsche,UGC,1000_320_ContentAware,3.37202772300229,1.74155033274981,9.21712199538767
Porsche,UGC,1000_40000_Fixed,2.79623499151983,0.735884772860506,6.50104363415147
Porsche,UGC,1000_40000_ContentAware,2.87622082132218,1.21689629367655,8.2915408010757
Porsche,UGC,1000_64_Fixed,0.768012925912002,-0.166657277428301,2.29690833727079
Porsche,UGC,1000_64_ContentAware,0.121763148365323,-0.890280629458478,0.814311063785901
Porsche,UGC,1000_8000_Fixed,5.13947015526104,2.92621113291691,11.2841129855523
Porsche,UGC,1000_8000_ContentAware,3.3337905365527,1.562878100025385,6.1874289603503
Porsche,UGC,125_1600_Fixed,-1.33262146537373,-3.28304639153209,-0.343689758732303
Porsche,UGC,125_1600_ContentAware,-1.64796806247582,-3.18329079820407,-0.668872323192914
Porsche,UGC,125_320_Fixed,-2.01261998645231,-4.84405116887629,-0.637165526472914
Porsche,UGC,125_320_ContentAware,-0.907652334887428,-2.29523715853772,-0.0272882238572537
Porsche,UGC,125_40000_Fixed,-1.39077550669921,-3.40948851950985,-0.69932463214255
Porsche,UGC,125_40000_ContentAware,-1.22200487359933,-3.36341849665455,-0.219358893436757
Porsche,UGC,125_64_Fixed,-1.7270953255785,-4.19548255830658,-0.799865462362022
Porsche,UGC,125_64_ContentAware,-1.24615141070875,-2.80530017698394,-0.254656676370998
Porsche,UGC,125_8000_Fixed,-1.62106232614908,-3.30392526230897,-0.593100206563807
Porsche,UGC,125_8000_ContentAware,-1.55626372440159,-2.75367416263714,-0.839675433374126
Porsche,UGC,250_1600_Fixed,-0.332372283628886,-1.09237531663946,0.319341281619068
Porsche,UGC,250_1600_ContentAware,0.2418014506192,-0.869697350567781,1.17740803307883
Porsche,UGC,250_320_Fixed,0.531298118645423,-0.660519101557482,1.49184785774094
Porsche,UGC,250_320_ContentAware,-0.123401744044915,-1.95297806991437,0.809653705202817
Porsche,UGC,250_40000_Fixed,0.147044800774859,-0.948283988694959,1.71248322274066
Porsche,UGC,250_40000_ContentAware,0.236319888606556,-0.86742490926712,1.17820718951282
Porsche,UGC,250_64_Fixed,-0.909513093182136,-2.43214544038517,-0.131629568069502
Porsche,UGC,250_64_ContentAware,-1.22700879201868,-2.87738645992233,-0.361426702653382
Porsche,UGC,250_8000_Fixed,0.0969577499538313,-0.868814025073728,1.36494762109555
Porsche,UGC,250_8000_ContentAware,-0.52857364439924,-1.36028394768585,0.25092906886627
Porsche,UGC,500_1600_Fixed,2.19422163174474,1.36406775352936,3.64438394602836
Porsche,UGC,500_1600_ContentAware,2.04757231633776,1.05716411511317,4.03023081893344
Porsche,UGC,500_320_Fixed,0.920905017866704,-0.2527356493374,2.51574215989183
Porsche,UGC,500_320_ContentAware,1.60041279422381,0.770164906304061,3.39659839038201
Porsche,UGC,500_40000_Fixed,2.15764931301753,1.31962982638206,6.42841900422318
Porsche,UGC,500_40000_ContentAware,1.59694313269235,1.06567612118224,4.19105194382977
Porsche,UGC,500_64_Fixed,0.887623613239608,-0.0180052087133733,2.14405336795631
Porsche,UGC,500_64_ContentAware,0.755117891623602,-0.586075265032587,1.83948946257533
Porsche,UGC,500_8000_Fixed,2.71221777287468,1.22474718354972,4.93728306087662
Porsche,UGC,500_8000_ContentAware,1.83417606475957,1.0015593495787,4.32575607260818
Porsche,UGC,63_1600_Fixed,-3.99209261883238,-7.65438205470268,-1.82896362950037
Porsche,UGC,63_1600_ContentAware,-2.21738407544095,-4.83337861363245,-0.830778094430059
Porsche,UGC,63_320_Fixed,-3.86543606879416,-7.35731682451625,-2.55121978489288
Porsche,UGC,63_320_ContentAware,-1.34111537890252,-3.39968219540916,-0.426606321000347
Porsche,UGC,63_40000_Fixed,-3.11224743354718,-6.29921226757744,-1.97782429491882
Porsche,UGC,63_40000_ContentAware,-3.337468434310008,-5.62790319176869,-1.95369574590129
Porsche,UGC,63_64_Fixed,-3.83156702593435,-7.09882865598385,-2.140001871932
Porsche,UGC,63_64_ContentAware,-2.75211948709296,-5.00543825917777,-1.68354064612348
Porsche,UGC,63_8000_Fixed,-3.74724850184975,-6.84913692426329,-1.54719038895509
Porsche,UGC,63_8000_ContentAware,-2.71014147379946,-5.72149683833014,-1.31114857475489
